Title,Date
Adolescence: Limited Series: Episode 1,3/19/25
Formula 1: Drive to Survive: Season 7: Looking Out for Number 1,3/8/25
Formula 1: Drive to Survive: Season 7: Frenemies,3/8/25
Formula 1: Drive to Survive: Season 7: Business as Usual,3/8/25
Running Point: Pilot,3/7/25
Dostana,2/11/25
Sweet Magnolias: Season 4: Do Not Be Afraid,2/8/25
Sweet Magnolias: Season 4: Dance Your Sugarplum Off,2/8/25
Sweet Magnolias: Season 4: Walls and Doors,2/7/25
Sweet Magnolias: Season 4: Hide and Seek,2/7/25
Sweet Magnolias: Season 4: Ring That Bell,2/7/25
Sweet Magnolias: Season 4: True North,2/6/25
Sweet Magnolias: Season 4: How Great Thou Art,2/6/25
Sweet Magnolias: Season 4: Abundant Grace,2/6/25
Sweet Magnolias: Season 4: Practical Dreams,2/6/25
Sweet Magnolias: Season 4: The Other Side of the Veil,2/6/25
The Night Agent: Season 2: Buyer's Remorse,1/27/25
The Night Agent: Season 2: Cultural Exchange,1/27/25
The Night Agent: Season 2: Divergence,1/27/25
The Night Agent: Season 2: Tilt,1/26/25
The Night Agent: Season 2: A Good Agent,1/26/25
The Night Agent: Season 2: A Family Matter,1/26/25
The Night Agent: Season 2: Desperate Measures,1/26/25
The Night Agent: Season 2: Government Property,1/26/25
The Night Agent: Season 2: Disconnected,1/26/25
The Night Agent: Season 2: Call Tracking,1/25/25
Schitt's Creek: Season 1: The Drip,1/15/25
Schitt's Creek: Season 1: Our Cup Runneth Over,1/9/25
The Empress: Season 1: The Wedding,1/9/25
The Breakthrough: Limited Series: The Unthinkable,1/9/25
Virgin River: Season 6: The Big Day,1/9/25
Virgin River: Season 6: Prelude to a Kiss,1/9/25
Virgin River: Season 6: Going Overboard,1/9/25
Virgin River: Season 6: I Climbed a Mountain and I Turned Around,1/9/25
Virgin River: Season 6: Ghosts,1/9/25
Virgin River: Season 6: Love Story,1/8/25
Virgin River: Season 6: Brothers & Sisters,1/8/25
Virgin River: Season 6: The Jury's Out,1/8/25
Virgin River: Season 6: The Broken Places,1/8/25
Virgin River: Season 5: Labor Day,1/8/25
Virgin River: Season 6: Hope Springs Eternal,1/8/25
Virgin River: Season 5: Father Christmas,1/8/25
Virgin River: Season 5: The More the Merrier,1/8/25
Virgin River: Season 5: Angel's Peak,1/8/25
Virgin River: Season 5: Full Moon,1/7/25
Virgin River: Season 5: From the Ashes,1/7/25
Virgin River: Season 5: Heroes Rise,1/7/25
Virgin River: Season 5: Trial by Fire,1/7/25
Virgin River: Season 5: Never Gonna Be the Same,1/7/25
Virgin River: Season 5: Calculated Risk,1/6/25
Virgin River: Season 5: Songbird,1/6/25
Virgin River: Season 5: A Second Chance,1/6/25
Virgin River: Season 4: The Long Goodbye,1/6/25
Virgin River: Season 4: Once Again,1/6/25
Virgin River: Season 4: Fire and Rain,1/5/25
Virgin River: Season 4: Bombshells,1/5/25
Virgin River: Season 4: Talk to Me,1/5/25
Virgin River: Season 4: Otherwise Engaged,1/5/25
Virgin River: Season 4: All's Faire...,1/5/25
Virgin River: Season 4: Mayday,1/5/25
Virgin River: Season 4: Serious As A...,1/5/25
Virgin River: Season 4: Grilled,1/5/25
Virgin River: Season 4: Father Knows Best...?,1/5/25
Virgin River: Season 4: Be My Baby,1/5/25
"Virgin River: Season 3: A Wedding, No Funeral and a Baby",1/5/25
Virgin River: Season 3: The Sun Also Rises,1/5/25
Virgin River: Season 3: Life and Death,1/4/25
Virgin River: Season 3: Split,1/4/25
Virgin River: Season 3: Jack and Jill,1/4/25
Virgin River: Season 3: Kindling,1/4/25
Virgin River: Season 3: Take My Breath Away,1/4/25
Virgin River: Season 3: Spare Parts and Broken Hearts,1/4/25
Virgin River: Season 3: Sticky Feet,1/4/25
Virgin River: Season 3: Where There's Smoke...,1/3/25
Virgin River: Season 2: Blown Away,1/2/25
Virgin River: Season 2: Hazards Ahead,1/2/25
Virgin River: Season 2: Blindspots,1/2/25
Virgin River: Season 2: Breaking Point,1/2/25
Squid Game: Season 2: Friend or Foe,1/2/25
Squid Game: Season 2: O ﻿ X,1/2/25
Squid Game: Season 2: One More Game,12/31/24
Virgin River: Season 2: Out of the Past,12/30/24
Virgin River: Season 2: Can’t Let Go,12/29/24
Squid Game: Season 2: Six Legs,12/29/24
Squid Game: Season 2: 001,12/29/24
Virgin River: Season 2: Rumor Has It,12/28/24
Virgin River: Season 2: The Morning After,12/28/24
Virgin River: Season 2: Taken by Surprise,12/28/24
Virgin River: Season 2: New Beginnings,12/28/24
Squid Game: Season 2: Halloween Party,12/27/24
Squid Game: Season 2: Bread and Lottery,12/27/24
Virgin River: Season 1: Unexpected Endings,12/27/24
Virgin River: Season 1: Everybody Has a Secret,12/26/24
Virgin River: Season 1: Into the Light,12/26/24
Virgin River: Season 1: If Truth Be Told,12/26/24
Virgin River: Season 1: Let's Mingle,12/26/24
Bodyguard: Episode 6,12/26/24
Bodyguard: Episode 5,12/26/24
Bodyguard: Episode 4,12/26/24
Virgin River: Season 1: Under Fire,12/26/24
Virgin River: Season 1: A Wounded Heart,12/25/24
Virgin River: Season 1: ... and Found,12/25/24
Virgin River: Season 1: Lost,12/23/24
Virgin River: Season 1: Carry On,12/22/24
No Good Deed: Open House,12/15/24
Rookie Historian Goo Hae-Ryung: Episode 1,12/15/24
Rookie Historian Goo Hae-Ryung: Episode 20,12/15/24
Rookie Historian Goo Hae-Ryung: Episode 19,12/15/24
Rookie Historian Goo Hae-Ryung: Episode 18,12/15/24
Senna: Limited Series: Calling,12/14/24
A Christmas Prince,12/14/24
Rookie Historian Goo Hae-Ryung: Episode 17,12/13/24
Rookie Historian Goo Hae-Ryung: Episode 16,12/13/24
Rookie Historian Goo Hae-Ryung: Episode 15,12/13/24
Rookie Historian Goo Hae-Ryung: Episode 14,12/12/24
Black Doves: To Love Then,12/12/24
A Nonsense Christmas with Sabrina Carpenter,12/12/24
Rookie Historian Goo Hae-Ryung: Episode 13,12/11/24
Rookie Historian Goo Hae-Ryung: Episode 12,12/11/24
Rookie Historian Goo Hae-Ryung: Episode 11,12/11/24
Rookie Historian Goo Hae-Ryung: Episode 10,12/10/24
Rookie Historian Goo Hae-Ryung: Episode 9,12/10/24
Geek Girl: Chapter 10,12/10/24
Geek Girl: Chapter 9,12/10/24
Geek Girl: Chapter 8,12/10/24
Geek Girl: Chapter 7,12/10/24
Geek Girl: Chapter 6,12/10/24
Geek Girl: Chapter 5,12/10/24
Geek Girl: Chapter 4,12/10/24
Geek Girl: Chapter 3,12/10/24
Geek Girl: Chapter 2,12/9/24
Geek Girl: Chapter 1,12/9/24
Rookie Historian Goo Hae-Ryung: Episode 8,12/7/24
Rookie Historian Goo Hae-Ryung: Episode 7,12/7/24
Rookie Historian Goo Hae-Ryung: Episode 6,12/5/24
Rookie Historian Goo Hae-Ryung: Episode 5,12/4/24
Rookie Historian Goo Hae-Ryung: Episode 4,12/4/24
Rookie Historian Goo Hae-Ryung: Episode 3,12/3/24
Rookie Historian Goo Hae-Ryung: Episode 2,12/2/24
The Merry Gentlemen,12/1/24
Our Little Secret,12/1/24
If Anything Happens I Love You,11/29/24
Love Next Door: Limited Series: The End,11/28/24
"Love Next Door: Limited Series: Bravo, My Life",11/27/24
Love Next Door: Limited Series: Sweet Love,11/27/24
Love Next Door: Limited Series: Love,11/26/24
The Empress: Season 1: The Arrival,11/25/24
The Empress: Season 1: One's Place in the World,11/24/24
A Man on the Inside: The Spy Who Came in from the Cold,11/24/24
A Man on the Inside: From Russian Hill with Love,11/24/24
Arcane: Season 2: The Dirt Under Your Nails,11/24/24
Arcane: Season 2: Killing Is a Cycle,11/24/24
Arcane: Season 2: Pretend Like It's the First Time,11/24/24
A Man on the Inside: Our Man in Sacramento,11/24/24
A Man on the Inside: Presents and Clear Danger,11/24/24
A Man on the Inside: The Curious Incident of the Dog in the Painting Class,11/23/24
A Man on the Inside: The Emily Always Rings Twice,11/23/24
A Man on the Inside: The Man Who Knew Too Much About Bridges,11/23/24
A Man on the Inside: Tinker Tailor Older Spy,11/23/24
Love Next Door: Limited Series: Puppy Love,11/21/24
Love Next Door: Limited Series: Belated,11/18/24
Arcane: Season 2: The Message Hidden Within the Pattern,11/17/24
Arcane: Season 1: Welcome to the Playground,11/17/24
Arcane: Season 2: Blisters and Bedrock,11/17/24
Arcane: Season 2: Paint the Town Blue,11/17/24
Jake Paul vs. Mike Tyson,11/16/24
Arcane: Season 2: Finally Got the Name Right,11/12/24
Arcane: Season 2: Watch It All Burn,11/12/24
Arcane: Season 2: Heavy Is the Crown,11/12/24
Meet Me Next Christmas,11/10/24
Outer Banks: Season 4: The Blue Crown,11/9/24
Outer Banks: Season 4: The Storm,11/9/24
Outer Banks: Season 4: Family Plot,11/8/24
Outer Banks: Season 4: Mothers and Fathers,11/8/24
Outer Banks: Season 4: The Town Council,11/8/24
Love Next Door: Limited Series: Bear in the Cave,11/8/24
Love Next Door: Limited Series: Darkness in Life,11/7/24
Love Next Door: Limited Series: His Secret,11/6/24
Crown for Christmas,11/6/24
Love Next Door: Limited Series: Love is All About Timing,11/5/24
Love Next Door: Limited Series: Your First,11/1/24
Love Next Door: Limited Series: Go Back,10/31/24
Love Next Door: Limited Series: Past Perfect,10/28/24
Love Next Door: Limited Series: Stop Line,10/27/24
"House, M.D.: Season 4: Ugly",10/27/24
Nobody Wants This: Either Aura,10/26/24
Outer Banks: Season 4: Albatross,10/26/24
Love Next Door: Limited Series: Hate,10/25/24
Outer Banks: Season 4: The Swell,10/24/24
Outer Banks: Season 4: The Lupine Corsairs,10/24/24
Outer Banks: Season 4: Blackbeard,10/24/24
Outer Banks: Season 4: The Enduro,10/24/24
Outer Banks: Season 3: Secret of the Gnomon,10/23/24
Outer Banks: Season 3: Welcome to Kitty Hawk,10/23/24
Emily in Paris: Season 4: All Roads Lead to Rome,10/23/24
Emily in Paris: Season 4: Roman Holiday,10/23/24
Emily in Paris: Season 4: Back on the Crazy Horse,10/23/24
Emily in Paris: Season 4: Lost in Translation,10/23/24
Emily in Paris: Season 4: Last Christmas,10/23/24
Love Next Door: Limited Series: Comeback,10/23/24
Nobody Wants This: A Shiksa Walks Into a Temple,10/22/24
Gilmore Girls: Season 1: Pilot,10/20/24
Gilmore Girls: Season 6: New and Improved Lorelai,10/12/24
Gilmore Girls: Season 5: A House is Not a Home,10/11/24
Gilmore Girls: Season 5: Blame Booze and Melville,10/11/24
Gilmore Girls: Season 5: How Many Kropogs to Cape Cod?,10/11/24
Gilmore Girls: Season 5: But I'm a Gilmore,10/10/24
Gilmore Girls: Season 5: To Live and Let Diorama,10/10/24
Gilmore Girls: Season 5: Pulp Friction,10/8/24
Gilmore Girls: Season 5: So...Good Talk,10/8/24
Gilmore Girls: Season 5: Jews and Chinese Food,10/8/24
Gilmore Girls: Season 5: Say Something,10/8/24
Gilmore Girls: Season 5: Wedding Bell Blues,10/8/24
Gilmore Girls: Season 5: Come Home,10/8/24
Gilmore Girls: Season 5: Women of Questionable Morals,10/7/24
Gilmore Girls: Season 5: But Not As Cute As Pushkin,10/7/24
Gilmore Girls: Season 5: Emily Says 'Hello',10/7/24
Gilmore Girls: Season 5: The Party's Over,10/7/24
"Gilmore Girls: Season 5: You Jump, I Jump, Jack",10/6/24
"Gilmore Girls: Season 5: Norman Mailer, I'm Pregnant",10/6/24
Gilmore Girls: Season 5: We Got Us a Pippi Virgin,10/6/24
"Gilmore Girls: Season 5: Tippecanoe and Taylor, Too",10/6/24
Gilmore Girls: Season 5: Written in the Stars,10/6/24
"Gilmore Girls: Season 5: A Messenger, Nothing More",10/5/24
Gilmore Girls: Season 5: Say Goodbye to Daisy Miller,10/5/24
Gilmore Girls: Season 4: Raincoats & Recipes,10/5/24
"Gilmore Girls: Season 4: Last Week Fights, This Week Tights",10/5/24
Gilmore Girls: Season 4: Luke Can See Her Face,10/5/24
Gilmore Girls: Season 4: Afterboom,10/4/24
"Gilmore Girls: Season 4: Tick, Tick, Tick Boom",10/4/24
"Gilmore Girls: Season 4: Girls in Bikinis, Boys Doin' the Twist",10/4/24
Gilmore Girls: Season 4: The Reigning Lorelai,10/4/24
Gilmore Girls: Season 4: Scene in a Mall,10/4/24
Gilmore Girls: Season 4: The Incredible Sinking Lorelais,10/4/24
Gilmore Girls: Season 4: Nag Hammadi Is Where They Found the Gnostic Gospels,10/3/24
Gilmore Girls: Season 4: A Family Matter,10/3/24
Gilmore Girls: Season 4: In the Clamor and the Clangor,10/3/24
Hubie Halloween,10/3/24
Gilmore Girls: Season 4: The Nanny and the Professor,10/3/24
Gilmore Girls: Season 4: Ted Koppel's Big Night Out,10/2/24
"Gilmore Girls: Season 4: Die, Jerk",10/2/24
Gilmore Girls: Season 4: The Festival of Living Art,10/2/24
Gilmore Girls: Season 4: An Affair to Remember,10/2/24
Gilmore Girls: Season 4: The Fundamental Things Apply,10/2/24
Gilmore Girls: Season 4: Chicken or Beef?,10/1/24
"Gilmore Girls: Season 4: The Hobbit, the Sofa and Digger Stiles",10/1/24
Gilmore Girls: Season 4: The Lorelais' First Day at Yale,10/1/24
Gilmore Girls: Season 4: Ballrooms & Biscotti,10/1/24
"Gilmore Girls: Season 3: Those Are Strings, Pinocchio",10/1/24
Gilmore Girls: Season 3: Here Comes the Son,9/30/24
"Gilmore Girls: Season 3: Say Goodnight, Gracie",9/30/24
Gilmore Girls: Season 3: Keg! Max!,9/30/24
"Gilmore Girls: Season 3: Happy Birthday, Baby",9/29/24
Gilmore Girls: Season 3: A Tale of Poes and Fire,9/29/24
Gilmore Girls: Season 3: The Big One,9/29/24
Gilmore Girls: Season 3: Face-Off,9/29/24
Gilmore Girls: Season 3: Swan Song,9/29/24
Gilmore Girls: Season 3: Dear Emily and Richard,9/28/24
Gilmore Girls: Season 3: Lorelai Out of Water,9/28/24
Gilmore Girls: Season 3: I Solemnly Swear...,9/28/24
"Gilmore Girls: Season 3: That'll Do, Pig",9/28/24
Gilmore Girls: Season 3: A Deep-Fried Korean Thanksgiving,9/28/24
Gilmore Girls: Season 3: Let the Games Begin,9/28/24
Nobody Wants This: Pilot,9/28/24
"Gilmore Girls: Season 3: They Shoot Gilmores, Don't They?",9/28/24
Gilmore Girls: Season 3: Take the Deviled Eggs...,9/27/24
Gilmore Girls: Season 3: Eight O'Clock at the Oasis,9/27/24
Gilmore Girls: Season 3: One's Got Class and the Other One Dyes,9/27/24
Gilmore Girls: Season 3: Application Anxiety,9/26/24
Gilmore Girls: Season 3: Haunted Leg,9/26/24
Gilmore Girls: Season 2: Lorelai's Graduation Day,9/26/24
Gilmore Girls: Season 3: Lazy-Hazy-Crazy Days,9/26/24
Gilmore Girls: Season 2: I Can't Get Started,9/26/24
Gilmore Girls: Season 2: Help Wanted,9/26/24
Gilmore Girls: Season 2: Teach Me Tonight,9/25/24
Gilmore Girls: Season 2: Back in the Saddle Again,9/24/24
Gilmore Girls: Season 2: Dead Uncles & Vegetables,9/24/24
Gilmore Girls: Season 2: There's the Rub,9/24/24
Gilmore Girls: Season 2: Lost & Found,9/24/24
Gilmore Girls: Season 2: It Should've Been Lorelai,9/24/24
"Gilmore Girls: Season 2: A-Tisket, A-Tasket",9/23/24
Gilmore Girls: Season 2: Richard in Stars Hollow,9/22/24
Gilmore Girls: Season 2: Secrets and Loans,9/21/24
Gilmore Girls: Season 2: The Bracebridge Dinner,9/20/24
Gilmore Girls: Season 2: Run Away Little Boy,9/19/24
Gilmore Girls: Season 2: The Ins & Outs of Inns,9/19/24
"Gilmore Girls: Season 2: Like Mother, Like Daughter",9/19/24
Gilmore Girls: Season 2: Presenting Lorelai Gilmore,9/18/24
Gilmore Girls: Season 2: Nick & Nora/Sid & Nancy,9/18/24
Gilmore Girls: Season 2: The Road Trip to Harvard,9/17/24
Gilmore Girls: Season 2: Red Light on the Wedding Night,9/17/24
Gilmore Girls: Season 2: Hammers and Veils,9/15/24
"Gilmore Girls: Season 2: Sadie, Sadie...",9/14/24
"Gilmore Girls: Season 1: Love, Daisies and Troubadours",9/14/24
Gilmore Girls: Season 1: P.S. I Lo...,9/14/24
Gilmore Girls: Season 1: Emily in Wonderland,9/12/24
Gilmore Girls: Season 1: The Third Lorelai,9/12/24
"Gilmore Girls: Season 1: The Breakup, Part II",9/11/24
Gilmore Girls: Season 1: Star-Crossed Lovers and Other Strangers,9/11/24
Gilmore Girls: Season 1: Christopher Returns,9/11/24
Gilmore Girls: Season 1: That Damn Donna Reed,9/11/24
Gilmore Girls: Season 1: Concert Interruptus,9/9/24
Gilmore Girls: Season 1: Double Date,9/8/24
Gilmore Girls: Season 1: Paris is Burning,9/8/24
Suits: Season 1: Pilot Part 1 & 2,9/7/24
Gilmore Girls: Season 1: Forgiveness and Stuff,9/6/24
Gilmore Girls: Season 1: Rory's Dance,9/6/24
Gilmore Girls: Season 1: Love & War & Snow,9/5/24
Gilmore Girls: Season 1: Kiss and Tell,9/5/24
Gilmore Girls: Season 1: Rory's Birthday Parties,9/5/24
Gilmore Girls: Season 1: Cinnamon's Wake,9/4/24
Gilmore Girls: Season 1: The Deer Hunters,9/3/24
How to Get Away With Murder: Let's Get to Scooping,9/1/24
"How to Get Away With Murder: Smile, or Go to Jail",9/1/24
How to Get Away With Murder: It's All Her Fault,9/1/24
The Diplomat: Season 1: The Cinderella Thing,9/1/24
Breathless: Above All Else,9/1/24
Chastity High: My Love Life Started the Day It Ended,9/1/24
Dr.STONE: Season 1: Episode 1,8/30/24
Sex Education: Season 4: Episode 2,8/28/24
A Good Girl's Guide to Murder: Episode 2,8/28/24
Grey's Anatomy: Season 7: That's Me Trying,8/28/24
Grey's Anatomy: Season 7: These Arms of Mine,8/28/24
Grey's Anatomy: Season 7: Almost Grown,8/28/24
"House, M.D.: Season 4: Whatever It Takes",8/28/24
"House, M.D.: Season 4: Mirror Mirror",8/26/24
"House, M.D.: Season 4: Guardian Angels",8/26/24
How to Get Away With Murder: Pilot,8/26/24
The Other Woman,8/25/24
"House, M.D.: Season 4: 97 Seconds",8/25/24
"House, M.D.: Season 4: The Right Stuff",8/25/24
"House, M.D.: Season 4: Alone",8/25/24
Suits: Season 2: Meet the New Boss,8/24/24
Suits: Season 2: The Choice,8/24/24
Hit Man,8/24/24
"House, M.D.: Season 3: Human Error",8/23/24
"House, M.D.: Season 3: The Jerk",8/23/24
"American Murder: Laci Peterson: What Do You Mean, Missing?",8/23/24
"House, M.D.: Season 3: Resignation",8/22/24
"House, M.D.: Season 3: Family",8/22/24
"House, M.D.: Season 3: House Training",8/22/24
Grey's Anatomy: Season 5: Here Comes The Flood,8/21/24
"House, M.D.: Season 3: Act Your Age",8/21/24
"House, M.D.: Season 3: Airborne",8/21/24
"House, M.D.: Season 3: Fetal Position",8/21/24
"House, M.D.: Season 3: Top Secret",8/21/24
Emily in Paris: Season 4: Trompe l'oeil,8/18/24
"House, M.D.: Season 3: Half-Wit",8/18/24
"House, M.D.: Season 3: Insensitive",8/18/24
"House, M.D.: Season 3: Needle in a Haystack",8/18/24
"House, M.D.: Season 3: One Day, One Room",8/18/24
"House, M.D.: Season 3: Words and Deeds",8/17/24
"House, M.D.: Season 3: Merry Little Christmas",8/17/24
Emily in Paris: Season 4: The Grey Area,8/17/24
"House, M.D.: Season 3: Finding Judas",8/16/24
"House, M.D.: Season 3: Whac-A-Mole",8/16/24
Emily in Paris: Season 4: Masquerade,8/16/24
Emily in Paris: Season 4: Love on the Run,8/16/24
Emily in Paris: Season 4: Break Point,8/16/24
"House, M.D.: Season 3: Son of a Coma Guy",8/15/24
"House, M.D.: Season 3: Que Sera Sera",8/15/24
"House, M.D.: Season 3: Fools for Love",8/9/24
"House, M.D.: Season 3: Lines in the Sand",8/8/24
"House, M.D.: Season 3: Informed Consent",8/8/24
"House, M.D.: Season 3: Cane and Able",8/7/24
Downton Abbey: Series 1: Episode 1,8/7/24
"House, M.D.: Season 3: Meaning",8/6/24
"House, M.D.: Season 2: No Reason",8/5/24
"House, M.D.: Season 2: Who's Your Daddy?",8/5/24
"House, M.D.: Season 2: Forever",8/5/24
"House, M.D.: Season 2: Euphoria: Part 2",8/5/24
"House, M.D.: Season 2: Euphoria: Part 1",8/5/24
"House, M.D.: Season 2: House vs. God",8/4/24
"House, M.D.: Season 2: Sleeping Dogs Lie",8/3/24
"House, M.D.: Season 2: All In",8/2/24
A Good Girl's Guide to Murder: Episode 1,8/2/24
"House, M.D.: Season 2: Safe",8/2/24
"House, M.D.: Season 2: Clueless",8/2/24
"House, M.D.: Season 2: Sex Kills",8/2/24
"House, M.D.: Season 2: Skin Deep",8/1/24
"House, M.D.: Season 2: Distractions",8/1/24
"House, M.D.: Season 2: Need to Know",8/1/24
"House, M.D.: Season 2: Failure to Communicate",7/31/24
"House, M.D.: Season 2: Deception",7/30/24
"House, M.D.: Season 2: The Mistake",7/30/24
"House, M.D.: Season 2: Hunting",7/30/24
"House, M.D.: Season 2: Spin",7/30/24
"House, M.D.: Season 2: Daddy's Boy",7/30/24
"House, M.D.: Season 2: TB or Not TB",7/30/24
"House, M.D.: Season 2: Humpty Dumpty",7/30/24
"House, M.D.: Season 2: Autopsy",7/29/24
"House, M.D.: Season 2: Acceptance",7/29/24
"House, M.D.: Season 1: Honeymoon",7/29/24
"House, M.D.: Season 1: Three Stories",7/29/24
"House, M.D.: Season 1: Love Hurts",7/29/24
"House, M.D.: Season 1: Kids",7/29/24
"House, M.D.: Season 1: Babies and Bathwater",7/29/24
"House, M.D.: Season 1: Role Model",7/28/24
"House, M.D.: Season 1: Heavy",7/27/24
"House, M.D.: Season 1: Mob Rules",7/25/24
"House, M.D.: Season 1: Control",7/25/24
"House, M.D.: Season 1: Cursed",7/25/24
"House, M.D.: Season 1: Sports Medicine",7/25/24
"House, M.D.: Season 1: Detox",7/24/24
"House, M.D.: Season 1: Histories",7/24/24
"House, M.D.: Season 1: DNR",7/24/24
"House, M.D.: Season 1: Poison",7/24/24
"House, M.D.: Season 1: Fidelity",7/24/24
"House, M.D.: Season 1: The Socratic Method",7/24/24
"House, M.D.: Season 1: Damned If You Do",7/23/24
"House, M.D.: Season 1: Maternity",7/23/24
"House, M.D.: Season 1: Occam's Razor",7/23/24
"House, M.D.: Season 1: Paternity",7/22/24
"House, M.D.: Season 1: Pilot",7/22/24
Arcane: Season 1: The Monster You Created,7/11/24
Arcane: Season 1: Oil and Water,7/11/24
Arcane: Season 1: The Boy Savior,7/11/24
Arcane: Season 1: When These Walls Come Tumbling Down,7/11/24
Arcane: Season 1: Everybody Wants to Be My Enemy,7/11/24
Arcane: Season 1: Happy Progress Day!,7/10/24
Arcane: Season 1: The Base Violence Necessary for Change,7/9/24
Arcane: Season 1: Some Mysteries Are Better Left Unsolved,7/9/24
Formula 1: Drive to Survive: Season 1: The King of Spain,7/8/24
Formula 1: Drive to Survive: Season 1: All to Play For,7/8/24
A Family Affair,7/7/24
Gossip Girl: Season 1: The Handmaiden's Tale,6/29/24
Bridgerton: Season 3: Into the Light,6/28/24
Bridgerton: Season 3: Joining of Hands,6/28/24
Bridgerton: Season 3: Romancing Mister Bridgerton,6/28/24
Bridgerton: Season 3: Tick Tock,6/28/24
Gossip Girl: Season 1: Dare Devil,6/25/24
AMERICA'S SWEETHEARTS: Dallas Cowboys Cheerleaders: Auditions Part 1,6/25/24
Bridgerton: Season 3: Old Friends,6/4/24
Bridgerton: Season 3: Forces of Nature,6/4/24
Bridgerton: Season 3: How Bright the Moon,6/3/24
Bridgerton: Season 3: Out of the Shadows,6/3/24
American Pie,5/31/24
The Devil Wears Prada,5/31/24
Flower of Evil: Limited Series: Episode 5,5/31/24
Flower of Evil: Limited Series: Episode 4,5/31/24
Flower of Evil: Limited Series: Episode 3,5/31/24
No Hard Feelings,5/30/24
Pride & Prejudice,5/28/24
Where the Crawdads Sing,5/28/24
LEGO Ninjago: Dragons Rising: Season 1: The Merge: Part 1,5/23/24
Flower of Evil: Limited Series: Episode 2,5/22/24
Flower of Evil: Limited Series: Episode 1,5/21/24
The Vampire Diaries: Season 3: The End of the Affair,5/19/24
The Vampire Diaries: Season 3: The Hybrid,5/18/24
The Vampire Diaries: Pilot,5/18/24
Derry Girls: Season 1: Episode 2,5/16/24
Derry Girls: Season 1: Episode 1,5/16/24
Damsel,5/14/24
Queen of Tears: Limited Series: Episode 16,5/8/24
Queen of Tears: Limited Series: Episode 15,5/8/24
Queen of Tears: Limited Series: Episode 14,5/7/24
Queen of Tears: Limited Series: Episode 13,5/7/24
Queen of Tears: Limited Series: Episode 12,5/7/24
Queen of Tears: Limited Series: Episode 11,5/7/24
Queen of Tears: Limited Series: Episode 10,5/7/24
Queen of Tears: Limited Series: Episode 9,5/6/24
Queen of Tears: Limited Series: Episode 8,5/6/24
Queen of Tears: Limited Series: Episode 7,5/6/24
Queen of Tears: Limited Series: Episode 6,5/4/24
Queen of Tears: Limited Series: Episode 5,5/4/24
Queen of Tears: Limited Series: Episode 4,5/3/24
Queen of Tears: Limited Series: Episode 3,5/3/24
Queen of Tears: Limited Series: Episode 2,5/3/24
Queen of Tears: Limited Series: Episode 1,5/2/24
Baby Reindeer: Limited Series: Episode 7,5/1/24
Baby Reindeer: Limited Series: Episode 6,5/1/24
Baby Reindeer: Limited Series: Episode 5,5/1/24
Baby Reindeer: Limited Series: Episode 4,4/30/24
Baby Reindeer: Limited Series: Episode 3,4/30/24
Baby Reindeer: Limited Series: Episode 2,4/30/24
Baby Reindeer: Limited Series: Episode 1,4/30/24
Grey's Anatomy: Season 5: Dream A Little Dream Of Me: Part 1,3/29/24
Grey's Anatomy: Season 4: Freedom: Part 2,3/29/24
Grey's Anatomy: Season 4: Freedom: Part 1,3/29/24
Downton Abbey: Series 3: Episode 6,3/29/24
Irish Wish,3/25/24
3 Body Problem: Season 1: Countdown,3/25/24
Formula 1: Drive to Survive: Season 6: Red or Black,3/23/24
Formula 1: Drive to Survive: Season 6: Three's a Crowd,3/23/24
Formula 1: Drive to Survive: Season 6: Forza Ferrari,3/23/24
Formula 1: Drive to Survive: Season 6: C'est la Vie,3/23/24
Formula 1: Drive to Survive: Season 6: Leap of Faith,3/22/24
Formula 1: Drive to Survive: Season 6: Civil War,3/22/24
Formula 1: Drive to Survive: Season 6: The Last Chapter,3/22/24
Formula 1: Drive to Survive: Season 6: Under Pressure,3/21/24
Formula 1: Drive to Survive: Season 6: Fall From Grace,3/20/24
Formula 1: Drive to Survive: Season 6: Money Talks,3/11/24
The Gentlemen: Refined Aggression,3/11/24
One Day: Limited Series: Episode 14,3/8/24
One Day: Limited Series: Episode 13,3/8/24
One Day: Limited Series: Episode 12,3/8/24
One Day: Limited Series: Episode 11,3/8/24
One Day: Limited Series: Episode 10,3/7/24
One Day: Limited Series: Episode 9,3/7/24
One Day: Limited Series: Episode 8,3/7/24
One Day: Limited Series: Episode 7,3/5/24
One Day: Limited Series: Episode 6,3/5/24
One Day: Limited Series: Episode 5,2/18/24
One Day: Limited Series: Episode 4,2/18/24
One Day: Limited Series: Episode 3,2/17/24
One Day: Limited Series: Episode 2,2/15/24
One Day: Limited Series: Episode 1,2/12/24
